Product_ID,Total_Orders,Returned_Orders,Return_Rate,Average_Risk_Score,Average_Order_Value
PROD0377,10,3,30.0,0.3839125975558516,1974.3462613
PROD0052,12,4,33.33333333333333,0.3638002228012857,3079.3062405833334
PROD0450,6,3,50.0,0.3632901130875185,3207.450730666667
PROD0032,10,3,30.0,0.3598906953958313,2030.4660379000002
PROD0382,7,1,14.285714285714285,0.3597151477948336,1950.317219857143
PROD0285,9,5,55.55555555555556,0.35743763427829517,3020.1089764444446
PROD0418,10,2,20.0,0.357045031160826,1748.1342107
PROD0189,6,0,0.0,0.3568360200307548,1978.6309023333333
PROD0469,6,3,50.0,0.35492856279903867,2707.2360355
PROD0316,12,3,25.0,0.3542869442393508,1209.51190225
PROD0262,8,1,12.5,0.3542480856529841,2693.3921502499998
PROD0268,8,3,37.5,0.3533712056113501,4175.066268375
PROD0307,8,4,50.0,0.35302139831891916,2007.2513617500001
PROD0172,15,2,13.333333333333334,0.35275404548989364,2522.3207742666664
PROD0375,8,4,50.0,0.3524208453715267,2127.26130125
PROD0179,12,0,0.0,0.35217832164796686,2812.3590186666665
PROD0472,6,4,66.66666666666666,0.3518749222931163,2940.5347145
PROD0152,10,3,30.0,0.3508686726064107,1747.2772254
PROD0102,11,4,36.36363636363637,0.35036527139599444,2485.985520636364
PROD0014,5,2,40.0,0.3499962314500949,2448.3382747999995
